ImageNumber,ObjectNumber,AreaShape_Area,AreaShape_BoundingBoxArea,AreaShape_BoundingBoxMaximum_X,AreaShape_BoundingBoxMaximum_Y,AreaShape_BoundingBoxMinimum_X,AreaShape_BoundingBoxMinimum_Y,AreaShape_Center_X,AreaShape_Center_Y,AreaShape_Compactness,AreaShape_ConvexArea,AreaShape_Eccentricity,AreaShape_EquivalentDiameter,AreaShape_EulerNumber,AreaShape_Extent,AreaShape_FormFactor,AreaShape_MajorAxisLength,AreaShape_MaxFeretDiameter,AreaShape_MaximumRadius,AreaShape_MeanRadius,AreaShape_MedianRadius,AreaShape_MinFeretDiameter,AreaShape_MinorAxisLength,AreaShape_Orientation,AreaShape_Perimeter,AreaShape_Solidity,AreaShape_Zernike_0_0,AreaShape_Zernike_1_1,AreaShape_Zernike_2_0,AreaShape_Zernike_2_2,AreaShape_Zernike_3_1,AreaShape_Zernike_3_3,AreaShape_Zernike_4_0,AreaShape_Zernike_4_2,AreaShape_Zernike_4_4,AreaShape_Zernike_5_1,AreaShape_Zernike_5_3,AreaShape_Zernike_5_5,AreaShape_Zernike_6_0,AreaShape_Zernike_6_2,AreaShape_Zernike_6_4,AreaShape_Zernike_6_6,AreaShape_Zernike_7_1,AreaShape_Zernike_7_3,AreaShape_Zernike_7_5,AreaShape_Zernike_7_7,AreaShape_Zernike_8_0,AreaShape_Zernike_8_2,AreaShape_Zernike_8_4,AreaShape_Zernike_8_6,AreaShape_Zernike_8_8,AreaShape_Zernike_9_1,AreaShape_Zernike_9_3,AreaShape_Zernike_9_5,AreaShape_Zernike_9_7,AreaShape_Zernike_9_9,Location_Center_X,Location_Center_Y,Location_Center_Z,Number_Object_Number
1,1,918580,1972530,1955,1465,137,380,1037.7751867012128,897.9227383570293,237.26634949313186,1269342,0.911896329509739,1081.4676976233852,1,0.46568619995640115,0.004214672675397432,1728.7544137511732,1917.1233658792019,272.23886570436633,85.21654812857409,69.1158447825099,863.5894006518885,709.5164560143525,68.2872415362273,52333.707037725864,0.7236662774886516,0.31821964231083244,0.005966684221950658,0.16682374380969384,0.053695820937548384,0.007186735328896852,0.002094113083761241,0.04920903719603958,0.05662515821502967,0.018408988590156376,0.004086804921783329,0.0041256792144847695,0.0009447521466428864,0.009991418377295313,0.0216372686580272,0.022115250052701898,0.008456489963639227,0.0008068460558292781,0.004347485121491323,0.00048459750294849266,0.0008548834862461005,0.00014639381725958193,0.001992087953487797,0.007399085252659615,0.009832122973574052,0.00459865073689427,0.0021961812679249498,0.002553804213150861,0.001292933953570512,0.0009350117970526149,0.0008268364308769686,1037.7751867012128,897.9227383570293,0,1
